<?xml version='1.0' encoding='UTF-8' ?>
<timeLogEntries>
  <time path="/new&#10;/LauraH-U2L2" flag="R" />
  <time id="89" path="/A00130504U2L2TABORDA/PSP0/Planning" start="@1537306834000" delta="118" flag="A" />
  <time id="88" start="@1536531235000" flag="M" />
  <time id="90" path="/A00130504U2L2TABORDA/PSP0/Planning" start="@1537399407000" delta="72" flag="A" />
  <time id="91" path="/A00130504U2L2TABORDA/PSP0/Planning" start="@1537411315542" delta="95" flag="A" />
  <time id="92" path="/A00130504U2L2TABORDA/PSP0/Planning" start="@1537484768000" delta="114" flag="A" />
  <time id="93" path="/A00130504U2L2TABORDA/PSP0/Design" start="@1537136910000" delta="48" flag="A" />
  <time id="94" path="/A00130504U2L2TABORDA/PSP0/Code" start="@1537226494000" delta="110" flag="A" />
  <time id="95" flag="D" />
  <time id="96" path="/LauraH-U2L2/PSP0/Planning" start="@1536609869000" delta="55" flag="A" />
  <time id="97" path="/LauraH-U2L2/PSP0/Planning" start="@1536682058000" delta="91" flag="A" />
  <time id="98" path="/LauraH-U2L2/PSP0/Code" start="@1536805089000" delta="169" flag="A" />
  <time id="99" path="/LauraH-U2L2/PSP0/Code" start="@1536981812000" delta="116" flag="A" />
  <time id="100" path="/LauraH-U2L2/PSP0/Code" start="@1537117137000" delta="52" flag="A" />
  <time id="101" path="/LauraH-U2L2/PSP0/Code" start="@1537298247000" delta="132" flag="A" />
  <time id="102" path="/LauraH-U2L2/PSP0/Code" start="@1536776979000" delta="201" flag="A" />
  <time id="103" path="/LauraH-U2L2/PSP0/Code" start="@1537405851000" delta="195" flag="A" />
  <time id="104" path="/LauraH-U2L2/PSP0/Design" start="@1536711595000" delta="52" flag="A" />
  <time id="105" path="/LauraH-U2L2/PSP0/Code" start="@1537485829000" delta="226" flag="A" />
  <time id="106" path="/LauraH-U2L2/PSP0/Test" start="@1537503438151" delta="46" flag="A" />
</timeLogEntries>
