<?xml version='1.0' encoding='UTF-8' ?>
<timeLogEntries>
  <time id="1" path="/A00130504_U2_LAB3/PSP0/Planning" start="@1487347617000" delta="8" />
  <time id="2" path="/A00130504_U2_LAB3/PSP0/Code" start="@1487348892000" delta="28" />
  <time id="3" path="/A00130504_U2_LAB3/PSP0/Design" start="@1487348253000" delta="10" />
  <time id="4" path="/A00130504_U2_LAB3/PSP0/Code" start="@1487350907000" delta="30" />
  <time id="5" path="/A00130504_U2_LAB3/PSP0/Code" start="@1487365200000" delta="55" />
  <time id="6" path="/A00130504_U2_LAB3/PSP0/Test" start="@1487368619497" delta="11" />
  <time id="7" path="/A00130504_U5_LAB1/PSP0/Planning" start="@1491581046427" delta="6" />
  <time id="7" path="/A00130504_U5_LAB1/PSP0/Planning" start="@1491581046427" delta="3" />
  <time id="8" path="/A00130504_U5_LAB1/PSP0/Design" start="@1491602178000" delta="8" />
  <time id="9" path="/A00130504_U5_LAB1/PSP0/Code" start="@1491598598000" delta="95" />
  <time id="10" path="/A00130504_U5_LAB1/PSP0/Code" start="@1491620232000" delta="105" />
  <time id="11" path="/A00130504_U5_LAB1/PSP0/Code" start="@1491774463000" delta="45" />
  <time id="12" path="/A00130504_U6_LAB1/PSP0/Planning" start="@1493397776676" delta="10" />
  <time id="13" path="/A00130504_U6_LAB1/PSP0/Code" start="@1493523300000" delta="312" />
  <time id="14" path="/A00130504_U6_LAB1/PSP0/Code" start="@1493574464693" delta="100" />
  <time id="15" path="/A00130504_U6_LAB1/PSP0/Design" start="@1493589747000" delta="21" />
  <time id="16" path="/A00130504_U6_LAB1/PSP0/Compile" start="@1493591071355" delta="1" />
  <time id="17" path="/A00130504_U6_LAB1/PSP0/Test" start="@1493591144264" delta="1" />
  <time id="18" path="/proyecto/PSP0/Design" start="@1493663428000" delta="37" />
  <time id="19" path="/proyecto/PSP0/Design" start="@1493744136000" delta="47" />
  <time id="20" path="/proyecto/PSP0/Design" start="@1493822238824" delta="68" />
  <time id="21" path="/proyecto/PSP0/Design" start="@1493835264696" delta="11" />
  <time id="22" path="/proyecto/PSP0/Code" start="@1494463153803" delta="150" />
  <time id="23" path="/proyecto/PSP0/Design" start="@1494636197000" delta="48" />
  <time id="24" path="/proyecto/PSP0/Code" start="@1495595970665" delta="33" />
  <time id="25" path="/S3_A00130504_U1_LAB2/PSP0/Planning" start="@1502460855971" delta="22" />
  <time id="26" path="/S3_A00130504_U1_LAB2/PSP0/Code" start="@1502567752000" delta="183" />
  <time id="27" path="/U2L1_Nicolas_JuanCamilo/PSP0/Planning" start="@1503678953000" delta="45" />
  <time id="28" path="/U2L1_Nicolas_JuanCamilo/PSP0/Code" start="@1503706454000" delta="63" />
  <time id="29" path="/U2L1_Nicolas_JuanCamilo/PSP0/Code" start="@1503803683676" delta="79" interrupt="95" />
  <time id="30" path="/U2L1_Nicolas_JuanCamilo/PSP0/Code" start="@1503778185000" delta="45" />
  <time id="31" path="/U2L1_Nicolas_JuanCamilo/PSP0/Compile" start="@1503814279559" delta="2" />
  <time id="32" path="/U2L1_Nicolas_JuanCamilo/PSP0/Test" start="@1503814478000" delta="3" />
  <time id="33" path="/U2L1_Nicolas_JuanCamilo/PSP0/Design" start="@1503814700000" delta="5" />
  <time id="34" path="/A00130504_U2L2/PSP0/Planning" start="@1504276928738" delta="54" />
  <time id="35" path="/A00130504_U2L2/PSP0/Code" start="@1504280172125" delta="9" />
  <time id="36" path="/A00130504_U2L2/PSP0/Code" start="@1504406437962" delta="42" />
  <time id="37" path="/A00130504_U2L2/PSP0/Code" start="@1504414013206" delta="100" />
  <time id="38" path="/A00130504_U2L2/PSP0/Code" start="@1504470014163" delta="21" />
  <time id="39" path="/A00130504_U2L2/PSP0/Design" start="@1504471406223" delta="21" />
  <time id="40" path="/A00130504_U3L1/PSP0/Planning" start="@1505484984000" delta="15" />
  <time id="41" path="/A00130504_U3L1/PSP0/Code" start="@1505486049000" delta="75" />
  <time id="42" path="/A00130504_U3L1/PSP0/Code" start="@1505676149000" delta="168" />
  <time id="43" path="/A00130504_U3L1/PSP0/Design" start="@1505485964000" delta="2" />
  <time id="44" path="/A00130504_U3L1/PSP0/Compile" start="@1505686339266" delta="2" />
  <time id="45" path="/A00130504_U3L1/PSP0/Test" start="@1505686479428" delta="3" />
  <time id="46" path="/A00130504_U4L1/PSP0/Code" start="@1506890890767" delta="301" />
  <time id="47" path="/A00130504_U4L1/PSP0/Code" start="@1506799293000" delta="141" />
  <time id="48" path="/A00130504_U4L1/PSP0/Planning" start="@1506603083000" delta="17" />
  <time id="49" path="/A00130504_U4L1/PSP0/Code" start="@1506723219000" delta="117" />
  <time id="50" path="/A00130504_U4L2/PSP0/Planning" start="@1507208300000" delta="17" />
  <time id="51" path="/A00130504_U4L2/PSP0/Code" start="@1507209321000" delta="15" />
  <time id="52" path="/A00130504_U4L2/PSP0/Code" start="@1507246457000" delta="149" />
  <time id="53" path="/A00130504_U4L2/PSP0/Code" start="@1507299947000" delta="77" />
  <time id="54" path="/A00130504_U4L2/PSP0/Code" start="@1507339226000" delta="69" />
  <time id="55" path="/A00130504_U4L2/PSP0/Code" start="@1507361826000" delta="53" />
  <time id="56" path="/A00130504_U4L2/PSP0/Compile" start="@1507365427000" delta="2" />
  <time id="57" path="/A00130504_U4L2/PSP0/Test" start="@1507365548000" delta="1" />
  <time id="58" path="/A00130504_U5L1/PSP0/Planning" start="@1508417055000" delta="7" />
  <time id="59" path="/A00130504_U5L1/PSP0/Code" start="@1508417563000" delta="38" />
  <time id="60" path="/A00130504_U5L1/PSP0/Code" start="@1508508811000" delta="46" />
  <time id="61" path="/A00130504_U5L1/PSP0/Code" start="@1508700655000" delta="136" />
  <time id="62" path="/A00130504_U5L1/PSP0/Test" start="@1508708926000" delta="1" />
  <time id="63" path="/A00130504_U5L1/PSP0/Compile" start="@1508708821000" delta="1" />
  <time id="64" path="/A00130504_U6L1/PSP0/Planning" start="@1509625408000" delta="18" />
  <time id="65" path="/A00130504_U6L1/PSP0/Code" start="@1509718753000" delta="72" />
  <time id="66" path="/A00130504_U6L1/PSP0/Code" start="@1509747878000" delta="101" />
  <time id="67" path="/A00130504_U6L1/PSP0/Code" start="@1509791094000" delta="52" />
  <time id="68" path="/A00130504_U6L1/PSP0/Code" start="@1509910693000" delta="135" />
  <time id="69" path="/Dashboard_Daniela_Llano/PSP0/Planning" start="@1509021362000" delta="22" comment="Se plantearon ideas de juegos que se podian crear." />
  <time id="70" path="/Dashboard_Daniela_Llano/PSP0/Planning" start="@1509114108000" delta="32" comment="Se decidió que se iba a trabajar en el juego de mario bross, ademas se plantearon algunas de las funcionalidadesdel juego" />
  <time id="71" path="/Dashboard_Daniela_Llano/PSP0/Planning" start="@1509128014000" delta="19" comment="Se terminaron de plantear las funcionalidades que iba a tener el juego y tambien se decidió en que funcionalidad se iban a plicar los requerimeintos del proyecto" />
  <time id="72" path="/Dashboard_Daniela_Llano/PSP0/Design" start="@1509624611000" delta="50" comment="Se plantearon las clases principales que iba a tener el proyecto." />
  <time id="73" path="/Dashboard_Daniela_Llano/PSP0/Design" start="@1509651004000" delta="20" comment="Se planteó como iba a ser la interfaz y de que manera se iba a mostrar el menu dek mario." />
  <time id="74" path="/Dashboard_Daniela_Llano/PSP0/Code" start="@1509830573000" delta="94" />
  <time id="75" path="/Dashboard_Daniela_Llano/PSP0/Code" start="@1509848036000" delta="75" />
  <time id="76" path="/Dashboard_Daniela_Llano/PSP0/Code" start="@1509999503000" delta="101" />
  <time id="77" path="/Dashboard_Daniela_Llano/PSP0/Code" start="@1510352958000" delta="128" />
  <time id="78" path="/Dashboard_Daniela_Llano/PSP0/Code" start="@1510590348000" delta="47" />
  <time id="79" path="/Dashboard_Daniela_Llano/PSP0/Code" start="@1510859819000" delta="39" />
  <time id="80" path="/Dashboard_Daniela_Llano/PSP0/Code" start="@1511052448000" delta="85" />
  <time id="81" path="/Dashboard_Daniela_Llano/PSP0/Code" start="@1511216395000" delta="49" />
  <time id="82" path="/Dashboard_Nicolas_Taborda/PSP0/Code" start="@1509124155000" delta="131" />
  <time id="83" path="/Dashboard_Nicolas_Taborda/PSP0/Code" start="@1509482981000" delta="86" />
  <time id="84" path="/Dashboard_Nicolas_Taborda/PSP0/Code" start="@1509632110000" delta="91" />
  <time id="85" path="/Dashboard_Nicolas_Taborda/PSP0/Code" start="@1509837938000" delta="116" />
  <time id="86" path="/Dashboard_Nicolas_Taborda/PSP0/Code" start="@1510062061000" delta="122" />
  <time id="87" path="/Dashboard_Nicolas_Taborda/PSP0/Code" start="@1511373749000" delta="70" />
  <time id="88" path="/A00130504U2L2TABORDA/PSP0/Planning" start="@1536531235245" delta="60" />
</timeLogEntries>
